region,year,births,region_standard
Агинский Бурятский округ (Забайкальский край),2006,1335.0,Забайкальский край
Агинский Бурятский округ (Забайкальский край),2007,1531.0,Забайкальский край
Агинский Бурятский округ (Забайкальский край),2008,1756.0,Забайкальский край
Агинский Бурятский округ (Забайкальский край),2009,1738.0,Забайкальский край
Агинский Бурятский округ (Забайкальский край),2010,1831.0,Забайкальский край
Алтайский край,2006,25512.99,Алтайский край
Алтайский край,2007,28209.0,Алтайский край
Алтайский край,2008,30710.96,Алтайский край
Алтайский край,2009,31037.99,Алтайский край
Алтайский край,2010,30862.98,Алтайский край
Алтайский край,2011,30738.98,Алтайский край
Алтайский край,2012,32694.99,Алтайский край
Алтайский край,2013,32460.99,Алтайский край
Алтайский край,2014,31428.98,Алтайский край
Алтайский край,2015,30064.99,Алтайский край
Алтайский край,2016,28866.99,Алтайский край
Алтайский край,2017,25524.98,Алтайский край
Алтайский край,2018,23491.0,Алтайский край
Алтайский край,2019,21117.0,Алтайский край
Алтайский край,2020,19976.0,Алтайский край
Алтайский край,2021,18992.0,Алтайский край
Амурская область,2006,10405.0,Амурская область
Амурская область,2007,10934.99,Амурская область
Амурская область,2008,11233.0,Амурская область
Амурская область,2009,11383.98,Амурская область
Амурская область,2010,11473.0,Амурская область
Амурская область,2011,11188.0,Амурская область
Амурская область,2012,11733.0,Амурская область
Амурская область,2013,11482.99,Амурская область
Амурская область,2014,11158.99,Амурская область
Амурская область,2015,10781.0,Амурская область
Амурская область,2016,10377.0,Амурская область
Амурская область,2017,9430.0,Амурская область
Амурская область,2018,8889.0,Амурская область
Амурская область,2019,7919.0,Амурская область
Амурская область,2020,7853.0,Амурская область
Амурская область,2021,7343.0,Амурская область
Архангельская область,2006,13991.0,Архангельская область
Архангельская область,2007,15088.0,Архангельская область
Архангельская область,2008,15271.0,Архангельская область
Архангельская область,2009,15461.0,Архангельская область
Архангельская область,2010,15514.0,Архангельская область
Архангельская область,2011,14894.0,Архангельская область
Архангельская область,2012,15470.0,Архангельская область
Архангельская область,2013,15295.0,Архангельская область
Архангельская область,2014,15048.0,Архангельская область
Архангельская область,2015,14670.0,Архангельская область
Архангельская область,2016,14121.0,Архангельская область
Архангельская область,2017,12388.99,Архангельская область
Архангельская область,2018,11278.99,Архангельская область
Архангельская область,2019,10253.0,Архангельская область
Архангельская область,2020,9500.0,Архангельская область
Архангельская область,2021,9040.0,Архангельская область
Архангельская область (кроме Ненецкого автономного округа),2014,14331.0,Архангельская область
Архангельская область (кроме Ненецкого автономного округа),2015,13907.99,Архангельская область
Архангельская область (кроме Ненецкого автономного округа),2016,13313.0,Архангельская область
Архангельская область (кроме Ненецкого автономного округа),2017,11714.0,Архангельская область
Архангельская область (кроме Ненецкого автономного округа),2018,10671.0,Архангельская область
Архангельская область (кроме Ненецкого автономного округа),2019,9662.0,Архангельская область
Архангельская область (кроме Ненецкого автономного округа),2020,8906.0,Архангельская область
Архангельская область (кроме Ненецкого автономного округа),2021,8487.0,Архангельская область
Астраханская область,2006,12356.99,Астраханская область
Астраханская область,2007,13370.0,Астраханская область
Астраханская область,2008,14200.0,Астраханская область
Астраханская область,2009,14350.0,Астраханская область
Астраханская область,2010,14355.0,Астраханская область
Астраханская область,2011,14377.99,Астраханская область
Астраханская область,2012,15304.0,Астраханская область
Астраханская область,2013,15042.0,Астраханская область
Астраханская область,2014,15216.0,Астраханская область
Астраханская область,2015,14875.0,Астраханская область
Астраханская область,2016,14270.0,Астраханская область
Астраханская область,2017,12321.0,Астраханская область
Астраханская область,2018,11800.0,Астраханская область
Астраханская область,2019,11005.0,Астраханская область
Астраханская область,2020,10910.99,Астраханская область
Астраханская область,2021,10709.0,Астраханская область
Белгородская область,2006,14269.0,Белгородская область
Белгородская область,2007,15666.0,Белгородская область
Белгородская область,2008,16810.0,Белгородская область
Белгородская область,2009,16911.0,Белгородская область
Белгородская область,2010,16669.0,Белгородская область
Белгородская область,2011,16894.0,Белгородская область
Белгородская область,2012,17913.0,Белгородская область
Белгородская область,2013,17883.0,Белгородская область
Белгородская область,2014,17822.0,Белгородская область
Белгородская область,2015,17864.0,Белгородская область
Белгородская область,2016,17261.0,Белгородская область
Белгородская область,2017,15113.0,Белгородская область
Белгородская область,2018,14318.0,Белгородская область
Белгородская область,2019,13197.99,Белгородская область
Белгородская область,2020,12351.99,Белгородская область
Белгородская область,2021,12223.0,Белгородская область
Брянская область,2006,12042.0,Брянская область
Брянская область,2007,13282.99,Брянская область
Брянская область,2008,14319.0,Брянская область
Брянская область,2009,14406.0,Брянская область
Брянская область,2010,13773.0,Брянская область
Брянская область,2011,13806.0,Брянская область
Брянская область,2012,14376.0,Брянская область
Брянская область,2013,13855.0,Брянская область
Брянская область,2014,13657.99,Брянская область
Брянская область,2015,14067.0,Брянская область
Брянская область,2016,13379.0,Брянская область
Брянская область,2017,11552.99,Брянская область
Брянская область,2018,11124.0,Брянская область
Брянская область,2019,10028.0,Брянская область
Брянская область,2020,9480.0,Брянская область
Брянская область,2021,9047.0,Брянская область
Владимирская область,2006,13915.0,Владимирская область
Владимирская область,2007,14679.0,Владимирская область
Владимирская область,2008,15699.0,Владимирская область
Владимирская область,2009,15520.0,Владимирская область
Владимирская область,2010,15540.0,Владимирская область
Владимирская область,2011,15644.0,Владимирская область
Владимирская область,2012,16445.0,Владимирская область
Владимирская область,2013,15777.0,Владимирская область
Владимирская область,2014,15817.0,Владимирская область
Владимирская область,2015,16284.0,Владимирская область
Владимирская область,2016,15662.0,Владимирская область
Владимирская область,2017,13395.0,Владимирская область
Владимирская область,2018,12658.0,Владимирская область
Владимирская область,2019,11158.0,Владимирская область
Владимирская область,2020,10120.0,Владимирская область
Владимирская область,2021,9780.0,Владимирская область
Волгоградская область,2006,25870.96,Волгоградская область
Волгоградская область,2007,27851.99,Волгоградская область
Волгоградская область,2008,29507.98,Волгоградская область
Волгоградская область,2009,29631.99,Волгоградская область
Волгоградская область,2010,29532.0,Волгоградская область
Волгоградская область,2011,28965.97,Волгоградская область
Волгоградская область,2012,30251.98,Волгоградская область
Волгоградская область,2013,29843.98,Волгоградская область
Волгоградская область,2014,29577.0,Волгоградская область
Волгоградская область,2015,29481.97,Волгоградская область
Волгоградская область,2016,28387.97,Волгоградская область
Волгоградская область,2017,25173.0,Волгоградская область
Волгоградская область,2018,23463.98,Волгоградская область
Волгоградская область,2019,21094.0,Волгоградская область
Волгоградская область,2020,19663.0,Волгоградская область
Волгоградская область,2021,19555.0,Волгоградская область
Вологодская область,2006,13443.0,Вологодская область
Вологодская область,2007,14074.99,Вологодская область
Вологодская область,2008,14714.0,Вологодская область
Вологодская область,2009,15181.0,Вологодская область
Вологодская область,2010,15112.0,Вологодская область
Вологодская область,2011,15525.0,Вологодская область
Вологодская область,2012,16678.0,Вологодская область
Вологодская область,2013,16543.0,Вологодская область
Вологодская область,2014,16174.0,Вологодская область
Вологодская область,2015,16381.0,Вологодская область
Вологодская область,2016,15729.0,Вологодская область
Вологодская область,2017,13511.99,Вологодская область
Вологодская область,2018,12306.0,Вологодская область
Вологодская область,2019,11280.0,Вологодская область
Вологодская область,2020,10698.0,Вологодская область
Вологодская область,2021,10418.0,Вологодская область
Воронежская область,2006,19208.0,Воронежская область
Воронежская область,2007,20568.99,Воронежская область
Воронежская область,2008,22421.99,Воронежская область
Воронежская область,2009,23560.99,Воронежская область
Воронежская область,2010,23819.99,Воронежская область
Воронежская область,2011,23826.97,Воронежская область
Воронежская область,2012,25373.99,Воронежская область
Воронежская область,2013,24980.97,Воронежская область
Воронежская область,2014,25331.99,Воронежская область
Воронежская область,2015,25923.98,Воронежская область
Воронежская область,2016,24938.0,Воронежская область
Воронежская область,2017,22423.0,Воронежская область
Воронежская область,2018,21381.99,Воронежская область
Воронежская область,2019,19643.0,Воронежская область
Воронежская область,2020,19161.0,Воронежская область
Воронежская область,2021,18593.0,Воронежская область
Город Москва столица Российской Федерации город федерального значения,2006,94054.96,Москва
Город Москва столица Российской Федерации город федерального значения,2007,100770.99,Москва
Город Москва столица Российской Федерации город федерального значения,2008,107778.98,Москва
Город Москва столица Российской Федерации город федерального значения,2009,115785.94,Москва
Город Москва столица Российской Федерации город федерального значения,2010,123141.95,Москва
Город Москва столица Российской Федерации город федерального значения,2011,126654.94,Москва
Город Москва столица Российской Федерации город федерального значения,2012,134652.99,Москва
Город Москва столица Российской Федерации город федерального значения,2013,136020.94,Москва
Город Москва столица Российской Федерации город федерального значения,2014,137582.95,Москва
Город Москва столица Российской Федерации город федерального значения,2015,142389.97,Москва
Город Москва столица Российской Федерации город федерального значения,2016,145251.96,Москва
Город Москва столица Российской Федерации город федерального значения,2017,133888.94,Москва
Город Москва столица Российской Федерации город федерального значения,2018,132969.91999999998,Москва
Город Москва столица Российской Федерации город федерального значения,2019,136356.96,Москва
Город Москва столица Российской Федерации город федерального значения,2020,123523.96,Москва
Город Москва столица Российской Федерации город федерального значения,2021,131444.97,Москва
Город Санкт-Петербург город федерального значения,2006,40092.97,Санкт-Петербург
Город Санкт-Петербург город федерального значения,2007,42974.98,Санкт-Петербург
Город Санкт-Петербург город федерального значения,2008,47474.99,Санкт-Петербург
Город Санкт-Петербург город федерального значения,2009,51992.96,Санкт-Петербург
Город Санкт-Петербург город федерального значения,2010,55612.99,Санкт-Петербург
Город Санкт-Петербург город федерального значения,2011,57003.97,Санкт-Петербург
Город Санкт-Петербург город федерального значения,2012,62342.99,Санкт-Петербург
Город Санкт-Петербург город федерального значения,2013,64373.99,Санкт-Петербург
Город Санкт-Петербург город федерального значения,2014,67214.98,Санкт-Петербург
Город Санкт-Петербург город федерального значения,2015,70725.0,Санкт-Петербург
Город Санкт-Петербург город федерального значения,2016,72878.99,Санкт-Петербург
Город Санкт-Петербург город федерального значения,2017,66557.99,Санкт-Петербург
Город Санкт-Петербург город федерального значения,2018,63989.99,Санкт-Петербург
Город Санкт-Петербург город федерального значения,2019,58996.99,Санкт-Петербург
Город Санкт-Петербург город федерального значения,2020,55439.0,Санкт-Петербург
Город Санкт-Петербург город федерального значения,2021,53398.98,Санкт-Петербург
Город федерального значения Севастополь,2015,5470.99,Севастополь
Город федерального значения Севастополь,2016,5409.0,Севастополь
Город федерального значения Севастополь,2017,4845.0,Севастополь
Город федерального значения Севастополь,2018,4366.0,Севастополь
Город федерального значения Севастополь,2019,4267.0,Севастополь
Город федерального значения Севастополь,2020,4225.0,Севастополь
Город федерального значения Севастополь,2021,4234.0,Севастополь
Еврейская автономная область,2006,2242.0,Еврейская автономная область
Еврейская автономная область,2007,2443.0,Еврейская автономная область
Еврейская автономная область,2008,2582.0,Еврейская автономная область
Еврейская автономная область,2009,2457.0,Еврейская автономная область
Еврейская автономная область,2010,2408.0,Еврейская автономная область
Еврейская автономная область,2011,2480.0,Еврейская автономная область
Еврейская автономная область,2012,2445.0,Еврейская автономная область
Еврейская автономная область,2013,2365.0,Еврейская автономная область
Еврейская автономная область,2014,2356.0,Еврейская автономная область
Еврейская автономная область,2015,2349.0,Еврейская автономная область
Еврейская автономная область,2016,2213.0,Еврейская автономная область
Еврейская автономная область,2017,1919.0,Еврейская автономная область
Еврейская автономная область,2018,1879.0,Еврейская автономная область
Еврейская автономная область,2019,1683.0,Еврейская автономная область
Еврейская автономная область,2020,1605.0,Еврейская автономная область
Еврейская автономная область,2021,1551.0,Еврейская автономная область
Забайкальский край,2006,15646.0,Забайкальский край
Забайкальский край,2007,16517.0,Забайкальский край
Забайкальский край,2008,17809.0,Забайкальский край
Забайкальский край,2009,17843.0,Забайкальский край
Забайкальский край,2010,17670.0,Забайкальский край
Забайкальский край,2011,17086.0,Забайкальский край
Забайкальский край,2012,17706.0,Забайкальский край
Забайкальский край,2013,17472.0,Забайкальский край
Забайкальский край,2014,17460.0,Забайкальский край
Забайкальский край,2015,16791.0,Забайкальский край
Забайкальский край,2016,15832.0,Забайкальский край
Забайкальский край,2017,14307.0,Забайкальский край
Забайкальский край,2018,13590.0,Забайкальский край
Забайкальский край,2019,12560.0,Забайкальский край
Забайкальский край,2020,12484.0,Забайкальский край
Забайкальский край,2021,11982.99,Забайкальский край
Ивановская область,2006,9818.0,Ивановская область
Ивановская область,2007,10617.0,Ивановская область
Ивановская область,2008,11138.0,Ивановская область
Ивановская область,2009,11329.98,Ивановская область
Ивановская область,2010,11131.0,Ивановская область
Ивановская область,2011,11035.0,Ивановская область
Ивановская область,2012,11581.0,Ивановская область
Ивановская область,2013,11769.0,Ивановская область
Ивановская область,2014,11694.97,Ивановская область
Ивановская область,2015,11761.0,Ивановская область
Ивановская область,2016,11184.0,Ивановская область
Ивановская область,2017,9877.0,Ивановская область
Ивановская область,2018,9134.0,Ивановская область
Ивановская область,2019,7951.0,Ивановская область
Ивановская область,2020,7563.0,Ивановская область
Ивановская область,2021,7327.0,Ивановская область
Иркутская область,2006,30917.98,Иркутская область
Иркутская область,2007,34659.96,Иркутская область
Иркутская область,2008,37587.0,Иркутская область
Иркутская область,2009,38159.99,Иркутская область
Иркутская область,2010,36866.99,Иркутская область
Иркутская область,2011,37236.99,Иркутская область
Иркутская область,2012,38515.99,Иркутская область
Иркутская область,2013,37876.0,Иркутская область
Иркутская область,2014,37182.0,Иркутская область
Иркутская область,2015,37142.99,Иркутская область
Иркутская область,2016,35580.0,Иркутская область
Иркутская область,2017,32020.97,Иркутская область
Иркутская область,2018,30937.98,Иркутская область
Иркутская область,2019,28318.99,Иркутская область
Иркутская область,2020,27136.98,Иркутская область
Иркутская область,2021,26086.0,Иркутская область
Кабардино-Балкарская Республика,2006,9267.0,Кабардино-Балкарская Республика
Кабардино-Балкарская Республика,2007,11208.0,Кабардино-Балкарская Республика
Кабардино-Балкарская Республика,2008,12097.0,Кабардино-Балкарская Республика
Кабардино-Балкарская Республика,2009,12189.0,Кабардино-Балкарская Республика
Кабардино-Балкарская Республика,2010,12576.99,Кабардино-Балкарская Республика
Кабардино-Балкарская Республика,2011,12848.0,Кабардино-Балкарская Республика
Кабардино-Балкарская Республика,2012,13721.0,Кабардино-Балкарская Республика
Кабардино-Балкарская Республика,2013,13354.98,Кабардино-Балкарская Республика
Кабардино-Балкарская Республика,2014,13482.0,Кабардино-Балкарская Республика
Кабардино-Балкарская Республика,2015,12627.0,Кабардино-Балкарская Республика
Кабардино-Балкарская Республика,2016,12190.99,Кабардино-Балкарская Республика
Кабардино-Балкарская Республика,2017,11091.99,Кабардино-Балкарская Республика
Кабардино-Балкарская Республика,2018,10881.0,Кабардино-Балкарская Республика
Кабардино-Балкарская Республика,2019,9973.0,Кабардино-Балкарская Республика
Кабардино-Балкарская Республика,2020,10604.0,Кабардино-Балкарская Республика
Кабардино-Балкарская Республика,2021,10462.0,Кабардино-Балкарская Республика
Калининградская область,2006,9106.0,Калининградская область
Калининградская область,2007,10086.99,Калининградская область
Калининградская область,2008,10730.0,Калининградская область
Калининградская область,2009,10800.99,Калининградская область
Калининградская область,2010,10698.0,Калининградская область
Калининградская область,2011,11067.99,Калининградская область
Калининградская область,2012,11752.98,Калининградская область
Калининградская область,2013,11968.98,Калининградская область
Калининградская область,2014,12194.0,Калининградская область
Калининградская область,2015,12413.0,Калининградская область
Калининградская область,2016,12179.0,Калининградская область
Калининградская область,2017,10935.98,Калининградская область
Калининградская область,2018,10340.99,Калининградская область
Калининградская область,2019,9306.0,Калининградская область
Калининградская область,2020,9286.0,Калининградская область
Калининградская область,2021,8904.0,Калининградская область
Калужская область,2006,9263.0,Калужская область
Калужская область,2007,10049.0,Калужская область
Калужская область,2008,10519.0,Калужская область
Калужская область,2009,10553.0,Калужская область
Калужская область,2010,11179.98,Калужская область
Калужская область,2011,10953.99,Калужская область
Калужская область,2012,11834.99,Калужская область
Калужская область,2013,11798.0,Калужская область
Калужская область,2014,11882.0,Калужская область
Калужская область,2015,12803.0,Калужская область
Калужская область,2016,12268.0,Калужская область
Калужская область,2017,10956.0,Калужская область
Калужская область,2018,10353.0,Калужская область
Калужская область,2019,8997.0,Калужская область
Калужская область,2020,8989.0,Калужская область
Калужская область,2021,8634.0,Калужская область
Камчатский край,2006,3873.0,Камчатский край
Камчатский край,2007,3918.0,Камчатский край
Камчатский край,2008,4018.0,Камчатский край
Камчатский край,2009,4079.0,Камчатский край
Камчатский край,2010,3899.0,Камчатский край
Камчатский край,2011,3989.0,Камчатский край
Камчатский край,2012,4158.0,Камчатский край
Камчатский край,2013,4184.0,Камчатский край
Камчатский край,2014,4221.0,Камчатский край
Камчатский край,2015,4150.0,Камчатский край
Камчатский край,2016,4079.0,Камчатский край
Камчатский край,2017,3713.0,Камчатский край
Камчатский край,2018,3455.0,Камчатский край
Камчатский край,2019,3302.0,Камчатский край
Камчатский край,2020,3240.0,Камчатский край
Камчатский край,2021,3080.0,Камчатский край
Карачаево-Черкесская Республика,2006,5035.0,Карачаево-Черкесская Республика
Карачаево-Черкесская Республика,2007,5984.98,Карачаево-Черкесская Республика
Карачаево-Черкесская Республика,2008,6387.98,Карачаево-Черкесская Республика
Карачаево-Черкесская Республика,2009,6211.99,Карачаево-Черкесская Республика
Карачаево-Черкесская Республика,2010,6184.0,Карачаево-Черкесская Республика
Карачаево-Черкесская Республика,2011,6289.0,Карачаево-Черкесская Республика
Карачаево-Черкесская Республика,2012,6431.99,Карачаево-Черкесская Республика
Карачаево-Черкесская Республика,2013,6530.99,Карачаево-Черкесская Республика
Карачаево-Черкесская Республика,2014,6393.98,Карачаево-Черкесская Республика
Карачаево-Черкесская Республика,2015,5802.99,Карачаево-Черкесская Республика
Карачаево-Черкесская Республика,2016,5574.97,Карачаево-Черкесская Республика
Карачаево-Черкесская Республика,2017,5145.0,Карачаево-Черкесская Республика
Карачаево-Черкесская Республика,2018,4977.0,Карачаево-Черкесская Республика
Карачаево-Черкесская Республика,2019,5109.99,Карачаево-Черкесская Республика
Карачаево-Черкесская Республика,2020,5118.0,Карачаево-Черкесская Республика
Карачаево-Черкесская Республика,2021,4470.0,Карачаево-Черкесская Республика
Кемеровская область - Кузбасс,2006,31929.99,Кемеровская область
Кемеровская область - Кузбасс,2007,34160.99,Кемеровская область
Кемеровская область - Кузбасс,2008,36676.99,Кемеровская область
Кемеровская область - Кузбасс,2009,37726.97,Кемеровская область
Кемеровская область - Кузбасс,2010,36514.0,Кемеровская область
Кемеровская область - Кузбасс,2011,35033.97,Кемеровская область
Кемеровская область - Кузбасс,2012,37623.99,Кемеровская область
Кемеровская область - Кузбасс,2013,37338.99,Кемеровская область
Кемеровская область - Кузбасс,2014,36120.98,Кемеровская область
Кемеровская область - Кузбасс,2015,33977.979999999996,Кемеровская область
Кемеровская область - Кузбасс,2016,32841.979999999996,Кемеровская область
Кемеровская область - Кузбасс,2017,28334.99,Кемеровская область
Кемеровская область - Кузбасс,2018,26475.0,Кемеровская область
Кемеровская область - Кузбасс,2019,24158.0,Кемеровская область
Кемеровская область - Кузбасс,2020,22544.99,Кемеровская область
Кемеровская область - Кузбасс,2021,21702.0,Кемеровская область
Кировская область,2006,13920.0,Кировская область
Кировская область,2007,14942.0,Кировская область
Кировская область,2008,15952.0,Кировская область
Кировская область,2009,15941.0,Кировская область
Кировская область,2010,15808.0,Кировская область
Кировская область,2011,15824.0,Кировская область
Кировская область,2012,16907.0,Кировская область
Кировская область,2013,17141.0,Кировская область
Кировская область,2014,16749.0,Кировская область
Кировская область,2015,16554.0,Кировская область
Кировская область,2016,16347.0,Кировская область
Кировская область,2017,13767.0,Кировская область
Кировская область,2018,12683.99,Кировская область
Кировская область,2019,11199.0,Кировская область
Кировская область,2020,10619.0,Кировская область
Кировская область,2021,10250.0,Кировская область
Костромская область,2006,7061.0,Костромская область
Костромская область,2007,7457.0,Костромская область
Костромская область,2008,7867.0,Костромская область
Костромская область,2009,8207.0,Костромская область
Костромская область,2010,8117.0,Костромская область
Костромская область,2011,8128.0,Костромская область
Костромская область,2012,8484.0,Костромская область
Костромская область,2013,8384.0,Костромская область
Костромская область,2014,8277.0,Костромская область
Костромская область,2015,8156.0,Костромская область
Костромская область,2016,7836.0,Костромская область
Костромская область,2017,6914.99,Костромская область
Костромская область,2018,6208.0,Костромская область
Костромская область,2019,5781.99,Костромская область
Костромская область,2020,5401.99,Костромская область
Костромская область,2021,4920.0,Костромская область
Краснодарский край,2006,52956.97,Краснодарский край
Краснодарский край,2007,57569.97,Краснодарский край
Краснодарский край,2008,62220.99,Краснодарский край
Краснодарский край,2009,63751.99,Краснодарский край
Краснодарский край,2010,63744.99,Краснодарский край
Краснодарский край,2011,63864.0,Краснодарский край
Краснодарский край,2012,69030.98,Краснодарский край
Краснодарский край,2013,70244.99,Краснодарский край
Краснодарский край,2014,73570.97,Краснодарский край
Краснодарский край,2015,74172.0,Краснодарский край
Краснодарский край,2016,73805.98,Краснодарский край
Краснодарский край,2017,66954.0,Краснодарский край
Краснодарский край,2018,63694.99,Краснодарский край
Краснодарский край,2019,61188.99,Краснодарский край
Краснодарский край,2020,59234.99,Краснодарский край
Краснодарский край,2021,59168.99,Краснодарский край
Красноярский край,2006,31751.99,Красноярский край
Красноярский край,2007,34174.99,Красноярский край
Красноярский край,2008,36904.0,Красноярский край
Красноярский край,2009,38237.98,Красноярский край
Красноярский край,2010,38570.98,Красноярский край
Красноярский край,2011,38161.99,Красноярский край
Красноярский край,2012,41097.98,Красноярский край
Красноярский край,2013,41253.98,Красноярский край
Красноярский край,2014,41357.97,Красноярский край
Красноярский край,2015,41198.0,Красноярский край
Красноярский край,2016,39923.99,Красноярский край
Красноярский край,2017,35561.0,Красноярский край
Красноярский край,2018,33471.0,Красноярский край
Красноярский край,2019,30311.99,Красноярский край
Красноярский край,2020,28985.0,Красноярский край
Красноярский край,2021,28515.0,Красноярский край
Курганская область,2006,10241.0,Курганская область
Курганская область,2007,11106.0,Курганская область
Курганская область,2008,11937.0,Курганская область
Курганская область,2009,11901.98,Курганская область
Курганская область,2010,11862.0,Курганская область
Курганская область,2011,11547.0,Курганская область
Курганская область,2012,12399.99,Курганская область
Курганская область,2013,12395.99,Курганская область
Курганская область,2014,11914.0,Курганская область
Курганская область,2015,11594.99,Курганская область
Курганская область,2016,10696.0,Курганская область
Курганская область,2017,9497.0,Курганская область
Курганская область,2018,8638.0,Курганская область
Курганская область,2019,7683.0,Курганская область
Курганская область,2020,7429.0,Курганская область
Курганская область,2021,7223.0,Курганская область
Курская область,2006,10555.0,Курская область
Курская область,2007,11704.0,Курская область
Курская область,2008,12442.99,Курская область
Курская область,2009,12554.0,Курская область
Курская область,2010,12558.0,Курская область
Курская область,2011,12964.0,Курская область
Курская область,2012,13318.0,Курская область
Курская область,2013,13077.0,Курская область
Курская область,2014,13118.0,Курская область
Курская область,2015,13047.0,Курская область
Курская область,2016,12366.0,Курская область
Курская область,2017,10783.0,Курская область
Курская область,2018,10274.0,Курская область
Курская область,2019,9324.0,Курская область
Курская область,2020,9111.0,Курская область
Курская область,2021,8806.0,Курская область
Ленинградская область,2006,12976.0,Ленинградская область
Ленинградская область,2007,13597.0,Ленинградская область
Ленинградская область,2008,14299.0,Ленинградская область
Ленинградская область,2009,15068.0,Ленинградская область
Ленинградская область,2010,15035.0,Ленинградская область
Ленинградская область,2011,14844.0,Ленинградская область
Ленинградская область,2012,15611.0,Ленинградская область
Ленинградская область,2013,15640.0,Ленинградская область
Ленинградская область,2014,16016.0,Ленинградская область
Ленинградская область,2015,16105.0,Ленинградская область
Ленинградская область,2016,16336.0,Ленинградская область
Ленинградская область,2017,14991.0,Ленинградская область
Ленинградская область,2018,14023.0,Ленинградская область
Ленинградская область,2019,13476.0,Ленинградская область
Ленинградская область,2020,13267.0,Ленинградская область
Ленинградская область,2021,13079.0,Ленинградская область
Липецкая область,2006,11217.99,Липецкая область
Липецкая область,2007,11984.98,Липецкая область
Липецкая область,2008,12603.99,Липецкая область
Липецкая область,2009,12678.0,Липецкая область
Липецкая область,2010,12798.0,Липецкая область
Липецкая область,2011,12545.0,Липецкая область
Липецкая область,2012,13546.0,Липецкая область
Липецкая область,2013,13167.0,Липецкая область
Липецкая область,2014,13450.0,Липецкая область
Липецкая область,2015,13468.0,Липецкая область
Липецкая область,2016,13102.99,Липецкая область
Липецкая область,2017,11565.0,Липецкая область
Липецкая область,2018,10906.0,Липецкая область
Липецкая область,2019,9829.0,Липецкая область
Липецкая область,2020,9389.0,Липецкая область
Липецкая область,2021,8993.0,Липецкая область
Магаданская область,2006,1835.0,Магаданская область
Магаданская область,2007,1810.0,Магаданская область
Магаданская область,2008,1787.0,Магаданская область
Магаданская область,2009,1974.0,Магаданская область
Магаданская область,2010,1799.0,Магаданская область
Магаданская область,2011,1801.0,Магаданская область
Магаданская область,2012,1917.0,Магаданская область
Магаданская область,2013,1903.0,Магаданская область
Магаданская область,2014,1838.0,Магаданская область
Магаданская область,2015,1753.0,Магаданская область
Магаданская область,2016,1619.0,Магаданская область
Магаданская область,2017,1591.0,Магаданская область
Магаданская область,2018,1410.0,Магаданская область
Магаданская область,2019,1308.0,Магаданская область
Магаданская область,2020,1314.0,Магаданская область
Магаданская область,2021,1195.0,Магаданская область
Москва в старых границах,2011,124593.97,Москва
Москва в старых границах,2012,131293.97,Москва
Москва в старых границах,2013,130437.97,Москва
Московская обл. в старых границах,2011,78547.98,Московская область
Московская обл. в старых границах,2012,40727.99,Московская область
Московская обл. в старых границах,2013,0.0,Московская область
Московская область,2006,60483.99,Московская область
Московская область,2007,63452.99,Московская область
Московская область,2008,70384.98,Московская область
Московская область,2009,74137.99,Московская область
Московская область,2010,76951.99,Московская область
Московская область,2011,76487.0,Московская область
Московская область,2012,83382.0,Московская область
Московская область,2013,85385.99,Московская область
Московская область,2014,90040.98,Московская область
Московская область,2015,94687.99,Московская область
Московская область,2016,96807.98,Московская область
Московская область,2017,88882.99,Московская область
Московская область,2018,82947.97,Московская область
Московская область,2019,73730.99,Московская область
Московская область,2020,79106.98,Московская область
Московская область,2021,73520.99,Московская область
Мурманская область,2006,8548.0,Мурманская область
Мурманская область,2007,8754.0,Мурманская область
Мурманская область,2008,9136.0,Мурманская область
Мурманская область,2009,9063.0,Мурманская область
Мурманская область,2010,9303.0,Мурманская область
Мурманская область,2011,9091.0,Мурманская область
Мурманская область,2012,9225.0,Мурманская область
Мурманская область,2013,9201.0,Мурманская область
Мурманская область,2014,9069.0,Мурманская область
Мурманская область,2015,9099.0,Мурманская область
Мурманская область,2016,8566.0,Мурманская область
Мурманская область,2017,7820.0,Мурманская область
Мурманская область,2018,7397.0,Мурманская область
Мурманская область,2019,6686.99,Мурманская область
Мурманская область,2020,6481.0,Мурманская область
Мурманская область,2021,6032.99,Мурманская область
Ненецкий автономный округ (Архангельская область),2006,595.0,Ненецкий автономный округ
Ненецкий автономный округ (Архангельская область),2007,650.0,Ненецкий автономный округ
Ненецкий автономный округ (Архангельская область),2008,694.0,Ненецкий автономный округ
Ненецкий автономный округ (Архангельская область),2009,685.0,Ненецкий автономный округ
Ненецкий автономный округ (Архангельская область),2010,708.0,Ненецкий автономный округ
Ненецкий автономный округ (Архангельская область),2011,641.0,Ненецкий автономный округ
Ненецкий автономный округ (Архангельская область),2012,740.0,Ненецкий автономный округ
Ненецкий автономный округ (Архангельская область),2013,711.0,Ненецкий автономный округ
Ненецкий автономный округ (Архангельская область),2014,717.0,Ненецкий автономный округ
Ненецкий автономный округ (Архангельская область),2015,762.0,Ненецкий автономный округ
Ненецкий автономный округ (Архангельская область),2016,808.0,Ненецкий автономный округ
Ненецкий автономный округ (Архангельская область),2017,675.0,Ненецкий автономный округ
Ненецкий автономный округ (Архангельская область),2018,608.0,Ненецкий автономный округ
Ненецкий автономный округ (Архангельская область),2019,591.0,Ненецкий автономный округ
Ненецкий автономный округ (Архангельская область),2020,594.0,Ненецкий автономный округ
Ненецкий автономный округ (Архангельская область),2021,553.0,Ненецкий автономный округ
Нижегородская область,2006,30926.98,Нижегородская область
Нижегородская область,2007,33051.0,Нижегородская область
Нижегородская область,2008,35580.99,Нижегородская область
Нижегородская область,2009,36243.99,Нижегородская область
Нижегородская область,2010,36298.97,Нижегородская область
Нижегородская область,2011,36314.99,Нижегородская область
Нижегородская область,2012,38880.99,Нижегородская область
Нижегородская область,2013,38902.98,Нижегородская область
Нижегородская область,2014,39119.0,Нижегородская область
Нижегородская область,2015,40090.98,Нижегородская область
Нижегородская область,2016,38715.99,Нижегородская область
Нижегородская область,2017,34232.979999999996,Нижегородская область
Нижегородская область,2018,32014.98,Нижегородская область
Нижегородская область,2019,28976.99,Нижегородская область
Нижегородская область,2020,27647.98,Нижегородская область
Нижегородская область,2021,26120.0,Нижегородская область
Новгородская область,2006,6490.99,Новгородская область
Новгородская область,2007,6966.0,Новгородская область
Новгородская область,2008,6912.0,Новгородская область
Новгородская область,2009,7194.99,Новгородская область
Новгородская область,2010,7248.0,Новгородская область
Новгородская область,2011,7222.0,Новгородская область
Новгородская область,2012,7480.0,Новгородская область
Новгородская область,2013,7489.0,Новгородская область
Новгородская область,2014,7299.0,Новгородская область
Новгородская область,2015,7364.0,Новгородская область
Новгородская область,2016,7255.0,Новгородская область
Новгородская область,2017,6233.99,Новгородская область
Новгородская область,2018,5847.99,Новгородская область
Новгородская область,2019,5184.0,Новгородская область
Новгородская область,2020,4885.99,Новгородская область
Новгородская область,2021,4574.0,Новгородская область
Новосибирская область,2006,27891.0,Новосибирская область
Новосибирская область,2007,29874.98,Новосибирская область
Новосибирская область,2008,33171.979999999996,Новосибирская область
Новосибирская область,2009,34314.979999999996,Новосибирская область
Новосибирская область,2010,35037.979999999996,Новосибирская область
Новосибирская область,2011,34943.96,Новосибирская область
Новосибирская область,2012,37335.98,Новосибирская область
Новосибирская область,2013,38487.99,Новосибирская область
Новосибирская область,2014,38485.97,Новосибирская область
Новосибирская область,2015,39019.98,Новосибирская область
Новосибирская область,2016,38289.97,Новосибирская область
Новосибирская область,2017,34464.99,Новосибирская область
Новосибирская область,2018,32691.98,Новосибирская область
Новосибирская область,2019,30144.99,Новосибирская область
Новосибирская область,2020,28864.97,Новосибирская область
Новосибирская область,2021,28298.96,Новосибирская область
Омская область,2006,21331.0,Омская область
Омская область,2007,23626.99,Омская область
Омская область,2008,25087.98,Омская область
Омская область,2009,25707.98,Омская область
Омская область,2010,26238.98,Омская область
Омская область,2011,26709.97,Омская область
Омская область,2012,29474.99,Омская область
Омская область,2013,29196.0,Омская область
Омская область,2014,29808.99,Омская область
Омская область,2015,28582.0,Омская область
Омская область,2016,26410.98,Омская область
Омская область,2017,22623.99,Омская область
Омская область,2018,21360.0,Омская область
Омская область,2019,19069.0,Омская область
Омская область,2020,17800.0,Омская область
Омская область,2021,17477.0,Омская область
Оренбургская область,2006,23141.99,Оренбургская область
Оренбургская область,2007,25687.99,Оренбургская область
Оренбургская область,2008,26985.99,Оренбургская область
Оренбургская область,2009,28194.0,Оренбургская область
Оренбургская область,2010,28696.97,Оренбургская область
Оренбургская область,2011,28054.99,Оренбургская область
Оренбургская область,2012,29735.98,Оренбургская область
Оренбургская область,2013,29887.99,Оренбургская область
Оренбургская область,2014,29389.99,Оренбургская область
Оренбургская область,2015,28486.99,Оренбургская область
Оренбургская область,2016,26828.97,Оренбургская область
Оренбургская область,2017,22953.0,Оренбургская область
Оренбургская область,2018,21896.99,Оренбургская область
Оренбургская область,2019,19635.0,Оренбургская область
Оренбургская область,2020,18780.0,Оренбургская область
Оренбургская область,2021,18127.0,Оренбургская область
Орловская область,2006,7478.0,Орловская область
Орловская область,2007,7914.0,Орловская область
Орловская область,2008,8345.0,Орловская область
Орловская область,2009,8447.0,Орловская область
Орловская область,2010,8673.0,Орловская область
Орловская область,2011,8237.0,Орловская область
Орловская область,2012,8650.0,Орловская область
Орловская область,2013,8604.0,Орловская область
Орловская область,2014,8434.0,Орловская область
Орловская область,2015,8569.0,Орловская область
Орловская область,2016,8298.0,Орловская область
Орловская область,2017,7143.0,Орловская область
Орловская область,2018,6734.99,Орловская область
Орловская область,2019,5981.98,Орловская область
Орловская область,2020,5734.99,Орловская область
Орловская область,2021,5394.0,Орловская область
Пензенская область,2006,12046.0,Пензенская область
Пензенская область,2007,13418.0,Пензенская область
Пензенская область,2008,14174.0,Пензенская область
Пензенская область,2009,14210.0,Пензенская область
Пензенская область,2010,14168.0,Пензенская область
Пензенская область,2011,13948.0,Пензенская область
Пензенская область,2012,14777.0,Пензенская область
Пензенская область,2013,14596.0,Пензенская область
Пензенская область,2014,14736.0,Пензенская область
Пензенская область,2015,14488.0,Пензенская область
Пензенская область,2016,13702.99,Пензенская область
Пензенская область,2017,11967.0,Пензенская область
Пензенская область,2018,11460.0,Пензенская область
Пензенская область,2019,10365.0,Пензенская область
Пензенская область,2020,9663.0,Пензенская область
Пензенская область,2021,9351.0,Пензенская область
Пермский край,2006,30265.99,Пермский край
Пермский край,2007,32746.99,Пермский край
Пермский край,2008,35467.979999999996,Пермский край
Пермский край,2009,36098.98,Пермский край
Пермский край,2010,37277.0,Пермский край
Пермский край,2011,36899.98,Пермский край
Пермский край,2012,38846.99,Пермский край
Пермский край,2013,38753.99,Пермский край
Пермский край,2014,38953.99,Пермский край
Пермский край,2015,38800.98,Пермский край
Пермский край,2016,37293.99,Пермский край
Пермский край,2017,32004.0,Пермский край
Пермский край,2018,29522.98,Пермский край
Пермский край,2019,26722.98,Пермский край
Пермский край,2020,25528.98,Пермский край
Пермский край,2021,25125.96,Пермский край
Приморский край,2006,20927.0,Приморский край
Приморский край,2007,22304.0,Приморский край
Приморский край,2008,22749.0,Приморский край
Приморский край,2009,23390.99,Приморский край
Приморский край,2010,23386.99,Приморский край
Приморский край,2011,23270.99,Приморский край
Приморский край,2012,24509.97,Приморский край
Приморский край,2013,24584.99,Приморский край
Приморский край,2014,24833.97,Приморский край
Приморский край,2015,24602.0,Приморский край
Приморский край,2016,23552.99,Приморский край
Приморский край,2017,20997.0,Приморский край
Приморский край,2018,20021.0,Приморский край
Приморский край,2019,18232.0,Приморский край
Приморский край,2020,18060.0,Приморский край
Приморский край,2021,17408.0,Приморский край
Псковская область,2006,6418.0,Псковская область
Псковская область,2007,6830.99,Псковская область
Псковская область,2008,7068.99,Псковская область
Псковская область,2009,7192.0,Псковская область
Псковская область,2010,7062.0,Псковская область
Псковская область,2011,7035.0,Псковская область
Псковская область,2012,7323.0,Псковская область
Псковская область,2013,7272.0,Псковская область
Псковская область,2014,7156.0,Псковская область
Псковская область,2015,7183.0,Псковская область
Псковская область,2016,7140.0,Псковская область
Псковская область,2017,6103.99,Псковская область
Псковская область,2018,5869.0,Псковская область
Псковская область,2019,5327.99,Псковская область
Псковская область,2020,4995.0,Псковская область
Псковская область,2021,5034.0,Псковская область
Республика Адыгея (Адыгея),2006,4625.0,Республика Адыгея
Республика Адыгея (Адыгея),2007,5107.0,Республика Адыгея
Республика Адыгея (Адыгея),2008,5634.0,Республика Адыгея
Республика Адыгея (Адыгея),2009,5544.0,Республика Адыгея
Республика Адыгея (Адыгея),2010,5720.99,Республика Адыгея
Республика Адыгея (Адыгея),2011,5511.0,Республика Адыгея
Республика Адыгея (Адыгея),2012,5656.0,Республика Адыгея
Республика Адыгея (Адыгея),2013,5636.98,Республика Адыгея
Республика Адыгея (Адыгея),2014,5691.99,Республика Адыгея
Республика Адыгея (Адыгея),2015,5612.99,Республика Адыгея
Республика Адыгея (Адыгея),2016,5451.0,Республика Адыгея
Республика Адыгея (Адыгея),2017,4784.99,Республика Адыгея
Республика Адыгея (Адыгея),2018,4511.0,Республика Адыгея
Республика Адыгея (Адыгея),2019,4201.0,Республика Адыгея
Республика Адыгея (Адыгея),2020,4418.0,Республика Адыгея
Республика Адыгея (Адыгея),2021,4553.0,Республика Адыгея
Республика Алтай,2006,3386.0,Республика Алтай
Республика Алтай,2007,4046.0,Республика Алтай
Республика Алтай,2008,4429.0,Республика Алтай
Республика Алтай,2009,4299.0,Республика Алтай
Республика Алтай,2010,4244.0,Республика Алтай
Республика Алтай,2011,4673.0,Республика Алтай
Республика Алтай,2012,4702.0,Республика Алтай
Республика Алтай,2013,4427.0,Республика Алтай
Республика Алтай,2014,4447.0,Республика Алтай
Республика Алтай,2015,4022.0,Республика Алтай
Республика Алтай,2016,3911.0,Республика Алтай
Республика Алтай,2017,3443.0,Республика Алтай
Республика Алтай,2018,3334.0,Республика Алтай
Республика Алтай,2019,2998.0,Республика Алтай
Республика Алтай,2020,2955.0,Республика Алтай
Республика Алтай,2021,2883.0,Республика Алтай
Республика Башкортостан,2006,44920.97,Республика Башкортостан
Республика Башкортостан,2007,50984.0,Республика Башкортостан
Республика Башкортостан,2008,54791.96,Республика Башкортостан
Республика Башкортостан,2009,55719.97,Республика Башкортостан
Республика Башкортостан,2010,57152.99,Республика Башкортостан
Республика Башкортостан,2011,55805.99,Республика Башкортостан
Республика Башкортостан,2012,58996.99,Республика Башкортостан
Республика Башкортостан,2013,59383.99,Республика Башкортостан
Республика Башкортостан,2014,60516.99,Республика Башкортостан
Республика Башкортостан,2015,59196.0,Республика Башкортостан
Республика Башкортостан,2016,55707.98,Республика Башкортостан
Республика Башкортостан,2017,49259.97,Республика Башкортостан
Республика Башкортостан,2018,47043.99,Республика Башкортостан
Республика Башкортостан,2019,42031.0,Республика Башкортостан
Республика Башкортостан,2020,41179.97,Республика Башкортостан
Республика Башкортостан,2021,39332.99,Республика Башкортостан
Республика Бурятия,2006,14201.0,Республика Бурятия
Республика Бурятия,2007,15355.0,Республика Бурятия
Республика Бурятия,2008,16403.0,Республика Бурятия
Республика Бурятия,2009,16819.0,Республика Бурятия
Республика Бурятия,2010,16535.0,Республика Бурятия
Республика Бурятия,2011,16459.0,Республика Бурятия
Республика Бурятия,2012,16966.0,Республика Бурятия
Республика Бурятия,2013,17145.0,Республика Бурятия
Республика Бурятия,2014,17141.0,Республика Бурятия
Республика Бурятия,2015,16981.0,Республика Бурятия
Республика Бурятия,2016,16128.0,Республика Бурятия
Республика Бурятия,2017,14315.0,Республика Бурятия
Республика Бурятия,2018,13902.0,Республика Бурятия
Республика Бурятия,2019,12523.99,Республика Бурятия
Республика Бурятия,2020,12620.0,Республика Бурятия
Республика Бурятия,2021,12062.99,Республика Бурятия
Республика Дагестан,2006,40276.99,Республика Дагестан
Республика Дагестан,2007,45089.97,Республика Дагестан
Республика Дагестан,2008,49314.0,Республика Дагестан
Республика Дагестан,2009,50594.0,Республика Дагестан
Республика Дагестан,2010,51806.0,Республика Дагестан
Республика Дагестан,2011,54426.98,Республика Дагестан
Республика Дагестан,2012,56038.98,Республика Дагестан
Республика Дагестан,2013,55782.97,Республика Дагестан
Республика Дагестан,2014,57114.99,Республика Дагестан
Республика Дагестан,2015,54724.0,Республика Дагестан
Республика Дагестан,2016,52923.98,Республика Дагестан
Республика Дагестан,2017,50321.99,Республика Дагестан
Республика Дагестан,2018,47959.98,Республика Дагестан
Республика Дагестан,2019,45515.99,Республика Дагестан
Республика Дагестан,2020,46506.0,Республика Дагестан
Республика Дагестан,2021,44329.97,Республика Дагестан
Республика Ингушетия,2006,7391.0,Республика Ингушетия
Республика Ингушетия,2007,8284.0,Республика Ингушетия
Республика Ингушетия,2008,9215.0,Республика Ингушетия
Республика Ингушетия,2009,9572.0,Республика Ингушетия
Республика Ингушетия,2010,11178.0,Республика Ингушетия
Республика Ингушетия,2011,10874.97,Республика Ингушетия
Республика Ингушетия,2012,9814.0,Республика Ингушетия
Республика Ингушетия,2013,9567.0,Республика Ингушетия
Республика Ингушетия,2014,9454.0,Республика Ингушетия
Республика Ингушетия,2015,8674.0,Республика Ингушетия
Республика Ингушетия,2016,8143.0,Республика Ингушетия
Республика Ингушетия,2017,7999.99,Республика Ингушетия
Республика Ингушетия,2018,7917.0,Республика Ингушетия
Республика Ингушетия,2019,7977.0,Республика Ингушетия
Республика Ингушетия,2020,8463.0,Республика Ингушетия
Республика Ингушетия,2021,8480.0,Республика Ингушетия
Республика Калмыкия,2006,3809.0,Республика Калмыкия
Республика Калмыкия,2007,4147.0,Республика Калмыкия
Республика Калмыкия,2008,4341.0,Республика Калмыкия
Республика Калмыкия,2009,4304.0,Республика Калмыкия
Республика Калмыкия,2010,4417.0,Республика Калмыкия
Республика Калмыкия,2011,4194.0,Республика Калмыкия
Республика Калмыкия,2012,4257.0,Республика Калмыкия
Республика Калмыкия,2013,4138.0,Республика Калмыкия
Республика Калмыкия,2014,3977.0,Республика Калмыкия
Республика Калмыкия,2015,3823.0,Республика Калмыкия
Республика Калмыкия,2016,3492.0,Республика Калмыкия
Республика Калмыкия,2017,3028.0,Республика Калмыкия
Республика Калмыкия,2018,3043.0,Республика Калмыкия
Республика Калмыкия,2019,2821.0,Республика Калмыкия
Республика Калмыкия,2020,2772.0,Республика Калмыкия
Республика Калмыкия,2021,2650.0,Республика Калмыкия
Республика Карелия,2006,6941.0,Республика Карелия
Республика Карелия,2007,7291.0,Республика Карелия
Республика Карелия,2008,7705.0,Республика Карелия
Республика Карелия,2009,7875.0,Республика Карелия
Республика Карелия,2010,7821.0,Республика Карелия
Республика Карелия,2011,7711.0,Республика Карелия
Республика Карелия,2012,7980.0,Республика Карелия
Республика Карелия,2013,7603.0,Республика Карелия
Республика Карелия,2014,7842.0,Республика Карелия
Республика Карелия,2015,7731.0,Республика Карелия
Республика Карелия,2016,7505.0,Республика Карелия
Республика Карелия,2017,6475.99,Республика Карелия
Республика Карелия,2018,6046.99,Республика Карелия
Республика Карелия,2019,5539.99,Республика Карелия
Республика Карелия,2020,5199.0,Республика Карелия
Республика Карелия,2021,5123.99,Республика Карелия
Республика Коми,2006,10847.0,Республика Коми
Республика Коми,2007,11490.99,Республика Коми
Республика Коми,2008,11734.99,Республика Коми
Республика Коми,2009,11903.99,Республика Коми
Республика Коми,2010,11692.99,Республика Коми
Республика Коми,2011,11715.0,Республика Коми
Республика Коми,2012,12369.99,Республика Коми
Республика Коми,2013,12492.98,Республика Коми
Республика Коми,2014,12318.98,Республика Коми
Республика Коми,2015,11797.0,Республика Коми
Республика Коми,2016,11238.99,Республика Коми
Республика Коми,2017,9766.0,Республика Коми
Республика Коми,2018,8602.0,Республика Коми
Республика Коми,2019,7945.0,Республика Коми
Республика Коми,2020,7576.0,Республика Коми
Республика Коми,2021,7249.0,Республика Коми
Республика Крым,2015,23951.0,Республика Крым
Республика Крым,2016,22995.0,Республика Крым
Республика Крым,2017,20962.0,Республика Крым
Республика Крым,2018,20319.0,Республика Крым
Республика Крым,2019,19214.0,Республика Крым
Республика Крым,2020,18868.0,Республика Крым
Республика Крым,2021,18172.0,Республика Крым
Республика Марий Эл,2006,7499.0,Республика Марий Эл
Республика Марий Эл,2007,8311.0,Республика Марий Эл
Республика Марий Эл,2008,8628.0,Республика Марий Эл
Республика Марий Эл,2009,8950.0,Республика Марий Эл
Республика Марий Эл,2010,8831.0,Республика Марий Эл
Республика Марий Эл,2011,9066.0,Республика Марий Эл
Республика Марий Эл,2012,9841.0,Республика Марий Эл
Республика Марий Эл,2013,10100.0,Республика Марий Эл
Республика Марий Эл,2014,10100.0,Республика Марий Эл
Республика Марий Эл,2015,9951.0,Республика Марий Эл
Республика Марий Эл,2016,9567.0,Республика Марий Эл
Республика Марий Эл,2017,8147.0,Республика Марий Эл
Республика Марий Эл,2018,7438.0,Республика Марий Эл
Республика Марий Эл,2019,6669.99,Республика Марий Эл
Республика Марий Эл,2020,6641.98,Республика Марий Эл
Республика Марий Эл,2021,6415.0,Республика Марий Эл
Республика Мордовия,2006,7398.0,Республика Мордовия
Республика Мордовия,2007,7696.0,Республика Мордовия
Республика Мордовия,2008,8220.0,Республика Мордовия
Республика Мордовия,2009,8153.0,Республика Мордовия
Республика Мордовия,2010,7935.0,Республика Мордовия
Республика Мордовия,2011,7896.0,Республика Мордовия
Республика Мордовия,2012,8168.0,Республика Мордовия
Республика Мордовия,2013,8266.0,Республика Мордовия
Республика Мордовия,2014,8182.0,Республика Мордовия
Республика Мордовия,2015,7864.0,Республика Мордовия
Республика Мордовия,2016,7975.0,Республика Мордовия
Республика Мордовия,2017,6883.99,Республика Мордовия
Республика Мордовия,2018,6631.99,Республика Мордовия
Республика Мордовия,2019,5955.99,Республика Мордовия
Республика Мордовия,2020,5557.98,Республика Мордовия
Республика Мордовия,2021,5253.0,Республика Мордовия
Республика Саха (Якутия),2006,13733.0,Республика Саха (Якутия)
Республика Саха (Якутия),2007,15199.0,Республика Саха (Якутия)
Республика Саха (Якутия),2008,15375.0,Республика Саха (Якутия)
Республика Саха (Якутия),2009,15912.0,Республика Саха (Якутия)
Республика Саха (Якутия),2010,16133.0,Республика Саха (Якутия)
Республика Саха (Якутия),2011,16418.0,Республика Саха (Якутия)
Республика Саха (Якутия),2012,16908.0,Республика Саха (Якутия)
Республика Саха (Якутия),2013,16753.0,Республика Саха (Якутия)
Республика Саха (Якутия),2014,17074.0,Республика Саха (Якутия)
Республика Саха (Якутия),2015,16459.0,Республика Саха (Якутия)
Республика Саха (Якутия),2016,15424.0,Республика Саха (Якутия)
Республика Саха (Якутия),2017,13954.0,Республика Саха (Якутия)
Республика Саха (Якутия),2018,13234.0,Республика Саха (Якутия)
Республика Саха (Якутия),2019,12818.99,Республика Саха (Якутия)
Республика Саха (Якутия),2020,12956.98,Республика Саха (Якутия)
Республика Саха (Якутия),2021,12309.0,Республика Саха (Якутия)
Республика Северная Осетия-Алания,2006,8399.0,Республика Северная Осетия - Алания
Республика Северная Осетия-Алания,2007,9488.0,Республика Северная Осетия - Алания
Республика Северная Осетия-Алания,2008,9995.0,Республика Северная Осетия - Алания
Республика Северная Осетия-Алания,2009,10030.99,Республика Северная Осетия - Алания
Республика Северная Осетия-Алания,2010,10287.0,Республика Северная Осетия - Алания
Республика Северная Осетия-Алания,2011,10375.0,Республика Северная Осетия - Алания
Республика Северная Осетия-Алания,2012,10669.0,Республика Северная Осетия - Алания
Республика Северная Осетия-Алания,2013,10863.0,Республика Северная Осетия - Алания
Республика Северная Осетия-Алания,2014,10830.99,Республика Северная Осетия - Алания
Республика Северная Осетия-Алания,2015,10341.0,Республика Северная Осетия - Алания
Республика Северная Осетия-Алания,2016,9916.0,Республика Северная Осетия - Алания
Республика Северная Осетия-Алания,2017,8992.0,Республика Северная Осетия - Алания
Республика Северная Осетия-Алания,2018,9120.0,Республика Северная Осетия - Алания
Республика Северная Осетия-Алания,2019,8589.0,Республика Северная Осетия - Алания
Республика Северная Осетия-Алания,2020,8157.0,Республика Северная Осетия - Алания
Республика Северная Осетия-Алания,2021,8090.99,Республика Северная Осетия - Алания
Республика Татарстан (Татарстан),2006,37210.0,Республика Татарстан
Республика Татарстан (Татарстан),2007,40671.99,Республика Татарстан
Республика Татарстан (Татарстан),2008,44349.98,Республика Татарстан
Республика Татарстан (Татарстан),2009,46554.99,Республика Татарстан
Республика Татарстан (Татарстан),2010,48967.98,Республика Татарстан
Республика Татарстан (Татарстан),2011,50823.97,Республика Татарстан
Республика Татарстан (Татарстан),2012,55337.98,Республика Татарстан
Республика Татарстан (Татарстан),2013,56516.99,Республика Татарстан
Республика Татарстан (Татарстан),2014,56689.99,Республика Татарстан
Республика Татарстан (Татарстан),2015,56899.0,Республика Татарстан
Республика Татарстан (Татарстан),2016,55852.99,Республика Татарстан
Республика Татарстан (Татарстан),2017,48114.98,Республика Татарстан
Республика Татарстан (Татарстан),2018,46319.98,Республика Татарстан
Республика Татарстан (Татарстан),2019,42870.98,Республика Татарстан
Республика Татарстан (Татарстан),2020,41597.99,Республика Татарстан
Республика Татарстан (Татарстан),2021,40935.98,Республика Татарстан
Республика Тыва,2006,5939.0,Республика Тыва
Республика Тыва,2007,7446.0,Республика Тыва
Республика Тыва,2008,7936.0,Республика Тыва
Республика Тыва,2009,8260.0,Республика Тыва
Республика Тыва,2010,8246.0,Республика Тыва
Республика Тыва,2011,8428.0,Республика Тыва
Республика Тыва,2012,8273.0,Республика Тыва
Республика Тыва,2013,8160.0,Республика Тыва
Республика Тыва,2014,7954.0,Республика Тыва
Республика Тыва,2015,7489.0,Республика Тыва
Республика Тыва,2016,7421.0,Республика Тыва
Республика Тыва,2017,6976.99,Республика Тыва
Республика Тыва,2018,6539.0,Республика Тыва
Республика Тыва,2019,6157.99,Республика Тыва
Республика Тыва,2020,6582.0,Республика Тыва
Республика Тыва,2021,6629.0,Республика Тыва
Республика Хакасия,2006,6463.99,Республика Хакасия
Республика Хакасия,2007,7325.0,Республика Хакасия
Республика Хакасия,2008,7964.0,Республика Хакасия
Республика Хакасия,2009,8043.0,Республика Хакасия
Республика Хакасия,2010,8010.0,Республика Хакасия
Республика Хакасия,2011,8052.0,Республика Хакасия
Республика Хакасия,2012,8503.0,Республика Хакасия
Республика Хакасия,2013,8376.0,Республика Хакасия
Республика Хакасия,2014,8160.0,Республика Хакасия
Республика Хакасия,2015,7911.0,Республика Хакасия
Республика Хакасия,2016,7592.0,Республика Хакасия
Республика Хакасия,2017,6662.0,Республика Хакасия
Республика Хакасия,2018,6231.98,Республика Хакасия
Республика Хакасия,2019,5578.0,Республика Хакасия
Республика Хакасия,2020,5360.0,Республика Хакасия
Республика Хакасия,2021,5259.0,Республика Хакасия
Ростовская область,2006,40672.97,Ростовская область
Ростовская область,2007,43458.97,Ростовская область
Ростовская область,2008,45909.99,Ростовская область
Ростовская область,2009,46337.99,Ростовская область
Ростовская область,2010,46563.97,Ростовская область
Ростовская область,2011,46484.97,Ростовская область
Ростовская область,2012,49714.99,Ростовская область
Ростовская область,2013,49739.95,Ростовская область
Ростовская область,2014,51562.97,Ростовская область
Ростовская область,2015,51145.99,Ростовская область
Ростовская область,2016,49243.97,Ростовская область
Ростовская область,2017,43577.97,Ростовская область
Ростовская область,2018,41118.99,Ростовская область
Ростовская область,2019,37772.98,Ростовская область
Ростовская область,2020,36484.99,Ростовская область
Ростовская область,2021,35781.979999999996,Ростовская область
Рязанская область,2006,10049.0,Рязанская область
Рязанская область,2007,10953.0,Рязанская область
Рязанская область,2008,11708.99,Рязанская область
Рязанская область,2009,11650.0,Рязанская область
Рязанская область,2010,11914.99,Рязанская область
Рязанская область,2011,11775.0,Рязанская область
Рязанская область,2012,12350.99,Рязанская область
Рязанская область,2013,12361.0,Рязанская область
Рязанская область,2014,12515.0,Рязанская область
Рязанская область,2015,12633.0,Рязанская область
Рязанская область,2016,12800.99,Рязанская область
Рязанская область,2017,11031.0,Рязанская область
Рязанская область,2018,10259.0,Рязанская область
Рязанская область,2019,9237.0,Рязанская область
Рязанская область,2020,8701.0,Рязанская область
Рязанская область,2021,8034.0,Рязанская область
Самарская область,2006,31766.0,Самарская область
Самарская область,2007,33990.0,Самарская область
Самарская область,2008,36439.0,Самарская область
Самарская область,2009,36374.99,Самарская область
Самарская область,2010,37183.99,Самарская область
Самарская область,2011,36820.99,Самарская область
Самарская область,2012,38951.98,Самарская область
Самарская область,2013,39559.99,Самарская область
Самарская область,2014,40526.99,Самарская область
Самарская область,2015,40973.0,Самарская область
Самарская область,2016,40244.0,Самарская область
Самарская область,2017,34544.979999999996,Самарская область
Самарская область,2018,33038.99,Самарская область
Самарская область,2019,29756.0,Самарская область
Самарская область,2020,27982.98,Самарская область
Самарская область,2021,27534.99,Самарская область
Саратовская область,2006,23717.0,Саратовская область
Саратовская область,2007,26129.99,Саратовская область
Саратовская область,2008,27492.0,Саратовская область
Саратовская область,2009,27538.99,Саратовская область
Саратовская область,2010,27338.99,Саратовская область
Саратовская область,2011,26831.0,Саратовская область
Саратовская область,2012,28363.97,Саратовская область
Саратовская область,2013,28732.96,Саратовская область
Саратовская область,2014,28740.99,Саратовская область
Саратовская область,2015,28738.99,Саратовская область
Саратовская область,2016,27306.97,Саратовская область
Саратовская область,2017,23616.0,Саратовская область
Саратовская область,2018,22257.0,Саратовская область
Саратовская область,2019,20146.99,Саратовская область
Саратовская область,2020,18643.0,Саратовская область
Саратовская область,2021,18378.0,Саратовская область
Сахалинская область,2006,5865.0,Сахалинская область
Сахалинская область,2007,6125.97,Сахалинская область
Сахалинская область,2008,6333.0,Сахалинская область
Сахалинская область,2009,6224.99,Сахалинская область
Сахалинская область,2010,6070.98,Сахалинская область
Сахалинская область,2011,5838.98,Сахалинская область
Сахалинская область,2012,6315.99,Сахалинская область
Сахалинская область,2013,6401.98,Сахалинская область
Сахалинская область,2014,6675.0,Сахалинская область
Сахалинская область,2015,6647.98,Сахалинская область
Сахалинская область,2016,6948.0,Сахалинская область
Сахалинская область,2017,6303.99,Сахалинская область
Сахалинская область,2018,6028.98,Сахалинская область
Сахалинская область,2019,5693.0,Сахалинская область
Сахалинская область,2020,5591.0,Сахалинская область
Сахалинская область,2021,5441.99,Сахалинская область
Свердловская область,2006,47074.95,Свердловская область
Свердловская область,2007,50352.98,Свердловская область
Свердловская область,2008,54499.98,Свердловская область
Свердловская область,2009,56525.98,Свердловская область
Свердловская область,2010,57423.0,Свердловская область
Свердловская область,2011,58053.99,Свердловская область
Свердловская область,2012,61451.0,Свердловская область
Свердловская область,2013,62555.99,Свердловская область
Свердловская область,2014,62875.0,Свердловская область
Свердловская область,2015,62198.0,Свердловская область
Свердловская область,2016,59880.97,Свердловская область
Свердловская область,2017,53582.99,Свердловская область
Свердловская область,2018,50285.0,Свердловская область
Свердловская область,2019,46268.99,Свердловская область
Свердловская область,2020,43990.97,Свердловская область
Свердловская область,2021,43003.98,Свердловская область
Смоленская область,2006,8816.0,Смоленская область
Смоленская область,2007,9436.0,Смоленская область
Смоленская область,2008,9950.0,Смоленская область
Смоленская область,2009,10496.99,Смоленская область
Смоленская область,2010,10274.0,Смоленская область
Смоленская область,2011,10229.0,Смоленская область
Смоленская область,2012,10289.0,Смоленская область
Смоленская область,2013,10346.0,Смоленская область
Смоленская область,2014,10412.0,Смоленская область
Смоленская область,2015,10190.0,Смоленская область
Смоленская область,2016,9858.0,Смоленская область
Смоленская область,2017,8658.0,Смоленская область
Смоленская область,2018,7819.0,Смоленская область
Смоленская область,2019,7089.0,Смоленская область
Смоленская область,2020,6553.98,Смоленская область
Смоленская область,2021,6128.99,Смоленская область
Ставропольский край,2006,27270.0,Ставропольский край
Ставропольский край,2007,30528.99,Ставропольский край
Ставропольский край,2008,32935.99,Ставропольский край
Ставропольский край,2009,32837.99,Ставропольский край
Ставропольский край,2010,33066.96,Ставропольский край
Ставропольский край,2011,32860.97,Ставропольский край
Ставропольский край,2012,34767.979999999996,Ставропольский край
Ставропольский край,2013,35404.0,Ставропольский край
Ставропольский край,2014,36507.98,Ставропольский край
Ставропольский край,2015,36343.97,Ставропольский край
Ставропольский край,2016,36578.99,Ставропольский край
Ставропольский край,2017,32459.99,Ставропольский край
Ставропольский край,2018,30552.0,Ставропольский край
Ставропольский край,2019,27982.99,Ставропольский край
Ставропольский край,2020,27486.98,Ставропольский край
Ставропольский край,2021,26650.0,Ставропольский край
Тамбовская область,2006,9208.0,Тамбовская область
Тамбовская область,2007,9854.99,Тамбовская область
Тамбовская область,2008,10190.0,Тамбовская область
Тамбовская область,2009,10176.0,Тамбовская область
Тамбовская область,2010,10337.0,Тамбовская область
Тамбовская область,2011,10056.0,Тамбовская область
Тамбовская область,2012,10394.0,Тамбовская область
Тамбовская область,2013,10308.0,Тамбовская область
Тамбовская область,2014,10453.0,Тамбовская область
Тамбовская область,2015,10366.0,Тамбовская область
Тамбовская область,2016,10038.0,Тамбовская область
Тамбовская область,2017,8908.0,Тамбовская область
Тамбовская область,2018,8289.0,Тамбовская область
Тамбовская область,2019,7724.0,Тамбовская область
Тамбовская область,2020,7433.0,Тамбовская область
Тамбовская область,2021,7217.99,Тамбовская область
Тверская область,2006,13288.99,Тверская область
Тверская область,2007,14117.0,Тверская область
Тверская область,2008,14811.0,Тверская область
Тверская область,2009,15108.0,Тверская область
Тверская область,2010,14810.0,Тверская область
Тверская область,2011,14814.0,Тверская область
Тверская область,2012,15476.0,Тверская область
Тверская область,2013,15094.0,Тверская область
Тверская область,2014,14860.0,Тверская область
Тверская область,2015,14780.0,Тверская область
Тверская область,2016,14552.0,Тверская область
Тверская область,2017,12796.99,Тверская область
Тверская область,2018,11642.0,Тверская область
Тверская область,2019,10818.0,Тверская область
Тверская область,2020,10075.0,Тверская область
Тверская область,2021,9445.0,Тверская область
Томская область,2006,11448.0,Томская область
Томская область,2007,12384.99,Томская область
Томская область,2008,13372.0,Томская область
Томская область,2009,13732.0,Томская область
Томская область,2010,13668.0,Томская область
Томская область,2011,13768.0,Томская область
Томская область,2012,14384.0,Томская область
Томская область,2013,14723.0,Томская область
Томская область,2014,14664.0,Томская область
Томская область,2015,14618.0,Томская область
Томская область,2016,14226.0,Томская область
Томская область,2017,12634.0,Томская область
Томская область,2018,11799.0,Томская область
Томская область,2019,10491.0,Томская область
Томская область,2020,9940.0,Томская область
Томская область,2021,9444.0,Томская область
Тульская область,2006,12662.0,Тульская область
Тульская область,2007,13070.0,Тульская область
Тульская область,2008,14148.0,Тульская область
Тульская область,2009,14773.0,Тульская область
Тульская область,2010,14737.0,Тульская область
Тульская область,2011,14588.0,Тульская область
Тульская область,2012,15499.0,Тульская область
Тульская область,2013,15110.0,Тульская область
Тульская область,2014,15206.0,Тульская область
Тульская область,2015,15814.0,Тульская область
Тульская область,2016,15295.0,Тульская область
Тульская область,2017,13418.0,Тульская область
Тульская область,2018,12380.98,Тульская область
Тульская область,2019,11205.99,Тульская область
Тульская область,2020,10812.0,Тульская область
Тульская область,2021,10138.0,Тульская область
Тюменская область,2006,43901.97,Тюменская область
Тюменская область,2007,47832.99,Тюменская область
Тюменская область,2008,51303.96,Тюменская область
Тюменская область,2009,52922.99,Тюменская область
Тюменская область,2010,54681.97,Тюменская область
Тюменская область,2011,55118.0,Тюменская область
Тюменская область,2012,59667.99,Тюменская область
Тюменская область,2013,59999.98,Тюменская область
Тюменская область,2014,61146.98,Тюменская область
Тюменская область,2015,60003.99,Тюменская область
Тюменская область,2016,57209.0,Тюменская область
Тюменская область,2017,52156.0,Тюменская область
Тюменская область,2018,50406.98,Тюменская область
Тюменская область,2019,47076.0,Тюменская область
Тюменская область,2020,46449.99,Тюменская область
Тюменская область,2021,45214.99,Тюменская область
Тюменская область (кроме Ханты-Мансийского автономного округа-Югры и Ямало-Ненецкого автономного округа),2014,24212.98,Тюменская область
Тюменская область (кроме Ханты-Мансийского автономного округа-Югры и Ямало-Ненецкого автономного округа),2015,24202.99,Тюменская область
Тюменская область (кроме Ханты-Мансийского автономного округа-Югры и Ямало-Ненецкого автономного округа),2016,23259.0,Тюменская область
Тюменская область (кроме Ханты-Мансийского автономного округа-Югры и Ямало-Ненецкого автономного округа),2017,21325.0,Тюменская область
Тюменская область (кроме Ханты-Мансийского автономного округа-Югры и Ямало-Ненецкого автономного округа),2018,20722.0,Тюменская область
Тюменская область (кроме Ханты-Мансийского автономного округа-Югры и Ямало-Ненецкого автономного округа),2019,19420.0,Тюменская область
Тюменская область (кроме Ханты-Мансийского автономного округа-Югры и Ямало-Ненецкого автономного округа),2020,18753.0,Тюменская область
Тюменская область (кроме Ханты-Мансийского автономного округа-Югры и Ямало-Ненецкого автономного округа),2021,18528.0,Тюменская область
Удмуртская Республика,2006,17531.0,Удмуртская Республика
Удмуртская Республика,2007,19469.0,Удмуртская Республика
Удмуртская Республика,2008,20546.0,Удмуртская Республика
Удмуртская Республика,2009,21155.0,Удмуртская Республика
Удмуртская Республика,2010,21734.99,Удмуртская Республика
Удмуртская Республика,2011,21823.0,Удмуртская Республика
Удмуртская Республика,2012,23161.0,Удмуртская Республика
Удмуртская Республика,2013,22232.0,Удмуртская Республика
Удмуртская Республика,2014,22115.0,Удмуртская Республика
Удмуртская Республика,2015,22195.0,Удмуртская Республика
Удмуртская Республика,2016,21024.0,Удмуртская Республика
Удмуртская Республика,2017,17954.0,Удмуртская Республика
Удмуртская Республика,2018,16440.0,Удмуртская Республика
Удмуртская Республика,2019,14602.0,Удмуртская Республика
Удмуртская Республика,2020,14545.0,Удмуртская Республика
Удмуртская Республика,2021,14273.0,Удмуртская Республика
Ульяновская область,2006,11593.0,Ульяновская область
Ульяновская область,2007,12203.99,Ульяновская область
Ульяновская область,2008,13461.0,Ульяновская область
Ульяновская область,2009,13684.0,Ульяновская область
Ульяновская область,2010,13760.0,Ульяновская область
Ульяновская область,2011,13935.0,Ульяновская область
Ульяновская область,2012,14518.0,Ульяновская область
Ульяновская область,2013,14798.0,Ульяновская область
Ульяновская область,2014,15033.0,Ульяновская область
Ульяновская область,2015,15025.0,Ульяновская область
Ульяновская область,2016,14605.0,Ульяновская область
Ульяновская область,2017,12565.0,Ульяновская область
Ульяновская область,2018,11997.99,Ульяновская область
Ульяновская область,2019,10875.0,Ульяновская область
Ульяновская область,2020,10346.0,Ульяновская область
Ульяновская область,2021,10014.0,Ульяновская область
Хабаровский край,2006,15559.0,Хабаровский край
Хабаровский край,2007,16186.0,Хабаровский край
Хабаровский край,2008,17100.0,Хабаровский край
Хабаровский край,2009,17609.0,Хабаровский край
Хабаровский край,2010,17364.0,Хабаровский край
Хабаровский край,2011,17352.0,Хабаровский край
Хабаровский край,2012,18324.0,Хабаровский край
Хабаровский край,2013,18738.0,Хабаровский край
Хабаровский край,2014,18804.0,Хабаровский край
Хабаровский край,2015,19124.0,Хабаровский край
Хабаровский край,2016,17945.0,Хабаровский край
Хабаровский край,2017,16007.0,Хабаровский край
Хабаровский край,2018,15094.0,Хабаровский край
Хабаровский край,2019,14479.0,Хабаровский край
Хабаровский край,2020,13739.0,Хабаровский край
Хабаровский край,2021,13273.0,Хабаровский край
Ханты-Мансийский автономный округ - Югра (Тюменская область),2006,20351.99,Ханты-Мансийский автономный округ
Ханты-Мансийский автономный округ - Югра (Тюменская область),2007,21749.99,Ханты-Мансийский автономный округ
Ханты-Мансийский автономный округ - Югра (Тюменская область),2008,23321.0,Ханты-Мансийский автономный округ
Ханты-Мансийский автономный округ - Югра (Тюменская область),2009,23914.97,Ханты-Мансийский автономный округ
Ханты-Мансийский автономный округ - Югра (Тюменская область),2010,25083.0,Ханты-Мансийский автономный округ
Ханты-Мансийский автономный округ - Югра (Тюменская область),2011,25334.97,Ханты-Мансийский автономный округ
Ханты-Мансийский автономный округ - Югра (Тюменская область),2012,27685.99,Ханты-Мансийский автономный округ
Ханты-Мансийский автономный округ - Югра (Тюменская область),2013,27875.97,Ханты-Мансийский автономный округ
Ханты-Мансийский автономный округ - Югра (Тюменская область),2014,27770.0,Ханты-Мансийский автономный округ
Ханты-Мансийский автономный округ - Югра (Тюменская область),2015,26835.99,Ханты-Мансийский автономный округ
Ханты-Мансийский автономный округ - Югра (Тюменская область),2016,25689.0,Ханты-Мансийский автономный округ
Ханты-Мансийский автономный округ - Югра (Тюменская область),2017,23276.0,Ханты-Мансийский автономный округ
Ханты-Мансийский автономный округ - Югра (Тюменская область),2018,22466.0,Ханты-Мансийский автономный округ
Ханты-Мансийский автономный округ - Югра (Тюменская область),2019,20821.0,Ханты-Мансийский автономный округ
Ханты-Мансийский автономный округ - Югра (Тюменская область),2020,20605.0,Ханты-Мансийский автономный округ
Ханты-Мансийский автономный округ - Югра (Тюменская область),2021,19737.0,Ханты-Мансийский автономный округ
Челябинская область,2006,37718.99,Челябинская область
Челябинская область,2007,40940.99,Челябинская область
Челябинская область,2008,45090.99,Челябинская область
Челябинская область,2009,45733.0,Челябинская область
Челябинская область,2010,46766.98,Челябинская область
Челябинская область,2011,47299.98,Челябинская область
Челябинская область,2012,49885.0,Челябинская область
Челябинская область,2013,49324.99,Челябинская область
Челябинская область,2014,49838.98,Челябинская область
Челябинская область,2015,48744.0,Челябинская область
Челябинская область,2016,46618.98,Челябинская область
Челябинская область,2017,40287.98,Челябинская область
Челябинская область,2018,37856.96,Челябинская область
Челябинская область,2019,34451.99,Челябинская область
Челябинская область,2020,33251.979999999996,Челябинская область
Челябинская область,2021,33372.0,Челябинская область
Чеченская Республика,2006,27988.97,Чеченская Республика
Чеченская Республика,2007,32660.98,Чеченская Республика
Чеченская Республика,2008,35934.979999999996,Чеченская Республика
Чеченская Республика,2009,36522.94,Чеченская Республика
Чеченская Республика,2010,36507.99,Чеченская Республика
Чеченская Республика,2011,37334.99,Чеченская Республика
Чеченская Республика,2012,34055.99,Чеченская Республика
Чеченская Республика,2013,33361.0,Чеченская Республика
Чеченская Республика,2014,32894.0,Чеченская Республика
Чеченская Республика,2015,32056.98,Чеченская Республика
Чеченская Республика,2016,29892.98,Чеченская Республика
Чеченская Республика,2017,29890.0,Чеченская Республика
Чеченская Республика,2018,29882.97,Чеченская Республика
Чеченская Республика,2019,28144.99,Чеченская Республика
Чеченская Республика,2020,30110.96,Чеченская Республика
Чеченская Республика,2021,30344.99,Чеченская Республика
Чувашская Республика - Чувашия,2006,13230.0,Чувашская Республика
Чувашская Республика - Чувашия,2007,14816.0,Чувашская Республика
Чувашская Республика - Чувашия,2008,15011.0,Чувашская Республика
Чувашская Республика - Чувашия,2009,16099.0,Чувашская Республика
Чувашская Республика - Чувашия,2010,16227.0,Чувашская Республика
Чувашская Республика - Чувашия,2011,16131.0,Чувашская Республика
Чувашская Республика - Чувашия,2012,17407.0,Чувашская Республика
Чувашская Республика - Чувашия,2013,17354.0,Чувашская Республика
Чувашская Республика - Чувашия,2014,17264.0,Чувашская Республика
Чувашская Республика - Чувашия,2015,17138.0,Чувашская Республика
Чувашская Республика - Чувашия,2016,16403.0,Чувашская Республика
Чувашская Республика - Чувашия,2017,13947.0,Чувашская Республика
Чувашская Республика - Чувашия,2018,13061.0,Чувашская Республика
Чувашская Республика - Чувашия,2019,11663.0,Чувашская Республика
Чувашская Республика - Чувашия,2020,11306.99,Чувашская Республика
Чувашская Республика - Чувашия,2021,11063.98,Чувашская Республика
Чукотский автономный округ,2006,716.0,Чукотский автономный округ
Чукотский автономный округ,2007,816.0,Чукотский автономный округ
Чукотский автономный округ,2008,755.0,Чукотский автономный округ
Чукотский автономный округ,2009,699.0,Чукотский автономный округ
Чукотский автономный округ,2010,756.0,Чукотский автономный округ
Чукотский автономный округ,2011,692.0,Чукотский автономный округ
Чукотский автономный округ,2012,719.0,Чукотский автономный округ
Чукотский автономный округ,2013,667.0,Чукотский автономный округ
Чукотский автономный округ,2014,674.0,Чукотский автономный округ
Чукотский автономный округ,2015,683.0,Чукотский автономный округ
Чукотский автономный округ,2016,671.0,Чукотский автономный округ
Чукотский автономный округ,2017,658.0,Чукотский автономный округ
Чукотский автономный округ,2018,621.0,Чукотский автономный округ
Чукотский автономный округ,2019,526.0,Чукотский автономный округ
Чукотский автономный округ,2020,537.0,Чукотский автономный округ
Чукотский автономный округ,2021,521.0,Чукотский автономный округ
Ямало-Ненецкий автономный округ (Тюменская область),2006,6924.0,Ямало-Ненецкий автономный округ
Ямало-Ненецкий автономный округ (Тюменская область),2007,7691.0,Ямало-Ненецкий автономный округ
Ямало-Ненецкий автономный округ (Тюменская область),2008,7986.0,Ямало-Ненецкий автономный округ
Ямало-Ненецкий автономный округ (Тюменская область),2009,8143.0,Ямало-Ненецкий автономный округ
Ямало-Ненецкий автономный округ (Тюменская область),2010,8309.0,Ямало-Ненецкий автономный округ
Ямало-Ненецкий автономный округ (Тюменская область),2011,8255.0,Ямало-Ненецкий автономный округ
Ямало-Ненецкий автономный округ (Тюменская область),2012,9025.0,Ямало-Ненецкий автономный округ
Ямало-Ненецкий автономный округ (Тюменская область),2013,8941.0,Ямало-Ненецкий автономный округ
Ямало-Ненецкий автономный округ (Тюменская область),2014,9164.0,Ямало-Ненецкий автономный округ
Ямало-Ненецкий автономный округ (Тюменская область),2015,8965.0,Ямало-Ненецкий автономный округ
Ямало-Ненецкий автономный округ (Тюменская область),2016,8261.0,Ямало-Ненецкий автономный округ
Ямало-Ненецкий автономный округ (Тюменская область),2017,7555.0,Ямало-Ненецкий автономный округ
Ямало-Ненецкий автономный округ (Тюменская область),2018,7219.0,Ямало-Ненецкий автономный округ
Ямало-Ненецкий автономный округ (Тюменская область),2019,6835.0,Ямало-Ненецкий автономный округ
Ямало-Ненецкий автономный округ (Тюменская область),2020,7092.0,Ямало-Ненецкий автономный округ
Ямало-Ненецкий автономный округ (Тюменская область),2021,6950.0,Ямало-Ненецкий автономный округ
Ярославская область,2006,12380.0,Ярославская область
Ярославская область,2007,13035.0,Ярославская область
Ярославская область,2008,13686.99,Ярославская область
Ярославская область,2009,14343.0,Ярославская область
Ярославская область,2010,14287.0,Ярославская область
Ярославская область,2011,14157.0,Ярославская область
Ярославская область,2012,15144.0,Ярославская область
Ярославская область,2013,15372.0,Ярославская область
Ярославская область,2014,15191.0,Ярославская область
Ярославская область,2015,15472.0,Ярославская область
Ярославская область,2016,15299.0,Ярославская область
Ярославская область,2017,13320.99,Ярославская область
Ярославская область,2018,12430.0,Ярославская область
Ярославская область,2019,11269.99,Ярославская область
Ярославская область,2020,10584.0,Ярославская область
Ярославская область,2021,10238.0,Ярославская область
